{"cuda": false, "SMOKE_TEST": false, "PARAMS": null, "qtz_l_bound": 0.0, "qtz_u_bound": 1.0, "qtz_num_bins": 10, "qtz_num_special_bins": 3, "qtz_l_value": -1, "qtz_u_value": 2, "qtz_window_length": 8, "ts_train_split": 0.7, "ts_eval_split": 0.15, "qds_num_last_unmasked": 1, "qds_objective": "ar", "qds_inner_split": false, "trans_num_embedding": 13, "trans_att_num_heads": 2, "trans_att_feedforward_dim": 64, "trans_dropout": 0.1, "trans_pos_dropout": 0.1, "trans_pos_max_len": 5000, "trans_att_num_layers": 2, "trans_embedding_dim": 16, "trans_lr": 0.0003, "trans_weight_decay": 1e-05, "qmc_num_epochs": 1000, "qmc_batch_size": 10, "qmc_shuffle": false, "qmc_eval_epoch": 10, "qmc_window_length": 8, "qmc_num_last_unmasked": 1, "qmc_random_shifts": true, "qmc_soft_labels": true, "ngram_num_embedding": 13}